iso_a3;Pays;Annee;IntRem
AFG;AFGHANISTAN;2009;0,4944205
AFG;AFGHANISTAN;2012;0,511302
AFG;AFGHANISTAN;2015;0,6050815
AFG;AFGHANISTAN;2018;0,795201
AFG;AFGHANISTAN;2020;0,7236325
AFG;AFGHANISTAN;2023;0,8575255
AGO;ANGOLA;2009;0,476729
AGO;ANGOLA;2012;0,464447
AGO;ANGOLA;2015;0,5052725
AGO;ANGOLA;2018;0,7260745
AGO;ANGOLA;2020;0,5811495
AGO;ANGOLA;2023;0,5717515
ALB;ALBANIE;2009;0,344008
ALB;ALBANIE;2012;0,2774305
ALB;ALBANIE;2015;0,293984
ALB;ALBANIE;2018;0,320317
ALB;ALBANIE;2020;0,347584
ALB;ALBANIE;2023;0,3290445
AND;ANDORRE;2009;0,2021455
AND;ANDORRE;2012;0,167741
AND;ANDORRE;2015;0,1674135
AND;ANDORRE;2018;0,165653
AND;ANDORRE;2020;0,1647115
AND;ANDORRE;2023;0,1825245
ARE;EMIRATS ARABES UNIS (Abu-Dhabi);2009;0,318304
ARE;EMIRATS ARABES UNIS (Abu-Dhabi);2012;0,325853
ARE;EMIRATS ARABES UNIS (Abu-Dhabi);2015;0,359071
ARE;EMIRATS ARABES UNIS (Abu-Dhabi);2018;0,4418125
ARE;EMIRATS ARABES UNIS (Abu-Dhabi);2020;0,4560155
ARE;EMIRATS ARABES UNIS (Abu-Dhabi);2023;0,4528025
ARG;ARGENTINE;2009;0,220304
ARG;ARGENTINE;2012;0,2441365
ARG;ARGENTINE;2015;0,311616
ARG;ARGENTINE;2018;0,422239
ARG;ARGENTINE;2020;0,3014735
ARG;ARGENTINE;2023;0,359405
ARM;ARMENIE;2009;0,3466955
ARM;ARMENIE;2012;0,304933
ARM;ARMENIE;2015;0,3504885
ARM;ARMENIE;2018;0,328733
ARM;ARMENIE;2020;0,3423765
ARM;ARMENIE;2023;0,4081015
ATG;ANTIGUA-ET-BARBUDA;2009;0,238733
ATG;ANTIGUA-ET-BARBUDA;2012;0,260605
ATG;ANTIGUA-ET-BARBUDA;2015;0,275277
ATG;ANTIGUA-ET-BARBUDA;2018;0,310871
ATG;ANTIGUA-ET-BARBUDA;2020;0,3134185
ATG;ANTIGUA-ET-BARBUDA;2023;0,325078
AUS;AUSTRALIE (Sydney);2009;0,2566665
AUS;AUSTRALIE (Sydney);2012;0,3186805
AUS;AUSTRALIE (Sydney);2015;0,311414
AUS;AUSTRALIE (Sydney);2018;0,296643
AUS;AUSTRALIE (Sydney);2020;0,2632545
AUS;AUSTRALIE (Sydney);2023;0,3087815
AUT;AUTRICHE;2009;0,2413875
AUT;AUTRICHE;2012;0,2007915
AUT;AUTRICHE;2015;0,2055595
AUT;AUTRICHE;2018;0,2083175
AUT;AUTRICHE;2020;0,2238765
AUT;AUTRICHE;2023;0,2451085
AZE;AZERBAIDJAN;2009;0,400283
AZE;AZERBAIDJAN;2012;0,358444
AZE;AZERBAIDJAN;2015;0,3971225
AZE;AZERBAIDJAN;2018;0,336022
AZE;AZERBAIDJAN;2020;0,3609645
AZE;AZERBAIDJAN;2023;0,40336
BDI;BURUNDI;2009;0,3490455
BDI;BURUNDI;2012;0,3701025
BDI;BURUNDI;2015;0,404085
BDI;BURUNDI;2018;0,518823
BDI;BURUNDI;2020;0,5071675
BDI;BURUNDI;2023;0,5160365
BEL;BELGIQUE;2009;0,206079
BEL;BELGIQUE;2012;0,1772205
BEL;BELGIQUE;2015;0,182682
BEL;BELGIQUE;2018;0,1898045
BEL;BELGIQUE;2020;0,194398
BEL;BELGIQUE;2023;0,2132505
BEN;BENIN;2009;0,3458955
BEN;BENIN;2012;0,294976
BEN;BENIN;2015;0,302488
BEN;BENIN;2018;0,296588
BEN;BENIN;2020;0,312599
BEN;BENIN;2023;0,305516
BFA;BURKINA FASO;2009;0,319033
BFA;BURKINA FASO;2012;0,299109
BFA;BURKINA FASO;2015;0,3270635
BFA;BURKINA FASO;2018;0,373805
BFA;BURKINA FASO;2020;0,4556125
BFA;BURKINA FASO;2023;0,507041
BGD;BANGLADESH;2009;0,289775
BGD;BANGLADESH;2012;0,3068385
BGD;BANGLADESH;2015;0,416038
BGD;BANGLADESH;2018;0,587887
BGD;BANGLADESH;2020;0,6048075
BGD;BANGLADESH;2023;0,610714
BGR;BULGARIE;2009;0,305283
BGR;BULGARIE;2012;0,244608
BGR;BULGARIE;2015;0,2363835
BGR;BULGARIE;2018;0,220657
BGR;BULGARIE;2020;0,226354
BGR;BULGARIE;2023;0,2553845
BHR;BAHREIN;2009;0,247308
BHR;BAHREIN;2012;0,2678365
BHR;BAHREIN;2015;0,301381
BHR;BAHREIN;2018;0,418958
BHR;BAHREIN;2020;0,414952
BHR;BAHREIN;2023;0,4366945
BIH;BOSNIE-HERZEGOVINE;2009;0,293708
BIH;BOSNIE-HERZEGOVINE;2012;0,253385
BIH;BOSNIE-HERZEGOVINE;2015;0,2611015
BIH;BOSNIE-HERZEGOVINE;2018;0,260446
BIH;BOSNIE-HERZEGOVINE;2020;0,2596215
BIH;BOSNIE-HERZEGOVINE;2023;0,281446
BLR;BIELORUSSIE;2009;0,344829
BLR;BIELORUSSIE;2012;0,2541735
BLR;BIELORUSSIE;2015;0,320106
BLR;BIELORUSSIE;2018;0,3754555
BLR;BIELORUSSIE;2020;0,406375
BLR;BIELORUSSIE;2023;0,4253245
BLZ;BELIZE;2009;0,2530705
BLZ;BELIZE;2012;0,2238305
BLZ;BELIZE;2015;0,231955
BLZ;BELIZE;2018;0,2849165
BLZ;BELIZE;2020;0,286367
BLZ;BELIZE;2023;0,3020615
BOL;BOLIVIE;2009;0,243858
BOL;BOLIVIE;2012;0,262735
BOL;BOLIVIE;2015;0,305456
BOL;BOLIVIE;2018;0,3565025
BOL;BOLIVIE;2020;0,362554
BOL;BOLIVIE;2023;0,371008
BRA;BRESIL (Brasilia);2009;0,3441375
BRA;BRESIL (Brasilia);2012;0,3372145
BRA;BRESIL (Brasilia);2015;0,284753
BRA;BRESIL (Brasilia);2018;0,3316175
BRA;BRESIL (Brasilia);2020;0,295981
BRA;BRESIL (Brasilia);2023;0,3174145
BRB;BARBADE;2009;0,2683375
BRB;BARBADE;2012;0,250391
BRB;BARBADE;2015;0,2752775
BRB;BARBADE;2018;0,310871
BRB;BARBADE;2020;0,3134185
BRB;BARBADE;2023;0,325078
BRN;BRUNEI;2009;0,236504
BRN;BRUNEI;2012;0,27566
BRN;BRUNEI;2015;0,3079945
BRN;BRUNEI;2018;0,317627
BRN;BRUNEI;2020;0,326115
BRN;BRUNEI;2023;0,335227
BTN;BHOUTAN;2009;0,2447375
BTN;BHOUTAN;2012;0,261161
BTN;BHOUTAN;2015;0,2614745
BTN;BHOUTAN;2018;0,353831
BTN;BHOUTAN;2020;0,3463245
BTN;BHOUTAN;2023;0,357812
BWA;BOTSWANA;2009;0,1920375
BWA;BOTSWANA;2012;0,2258165
BWA;BOTSWANA;2015;0,2042575
BWA;BOTSWANA;2018;0,277328
BWA;BOTSWANA;2020;0,296824
BWA;BOTSWANA;2023;0,298132
CAF;REPUBLIQUE CENTRAFRICAINE;2009;0,415008
CAF;REPUBLIQUE CENTRAFRICAINE;2012;0,3618765
CAF;REPUBLIQUE CENTRAFRICAINE;2015;0,392335
CAF;REPUBLIQUE CENTRAFRICAINE;2018;0,567063
CAF;REPUBLIQUE CENTRAFRICAINE;2020;0,6878025
CAF;REPUBLIQUE CENTRAFRICAINE;2023;0,7445865
CAN;CANADA (Ottawa);2009;0,1796665
CAN;CANADA (Ottawa);2012;0,210076
CAN;CANADA (Ottawa);2015;0,2036355
CAN;CANADA (Ottawa);2018;0,204859
CAN;CANADA (Ottawa);2020;0,210644
CAN;CANADA (Ottawa);2023;0,271095
CHE;SUISSE (autres villes);2009;0,2591205
CHE;SUISSE (autres villes);2012;0,2908575
CHE;SUISSE (autres villes);2015;0,264244
CHE;SUISSE (autres villes);2018;0,2929265
CHE;SUISSE (autres villes);2020;0,305429
CHE;SUISSE (autres villes);2023;0,343636
CHL;CHILI;2009;0,227729
CHL;CHILI;2012;0,254119
CHL;CHILI;2015;0,236569
CHL;CHILI;2018;0,2655175
CHL;CHILI;2020;0,267952
CHL;CHILI;2023;0,266697
CHN;CHINE (P‚kin);2009;0,328758
CHN;CHINE (P‚kin);2012;0,3501825
CHN;CHINE (P‚kin);2015;0,40326
CHN;CHINE (P‚kin);2018;0,4299465
CHN;CHINE (P‚kin);2020;0,425875
CHN;CHINE (P‚kin);2023;0,4870535
CIV;COTE D'IVOIRE;2009;0,4348455
CIV;COTE D'IVOIRE;2012;0,3771355
CIV;COTE D'IVOIRE;2015;0,38636
CIV;COTE D'IVOIRE;2018;0,380984
CIV;COTE D'IVOIRE;2020;0,3966255
CIV;COTE D'IVOIRE;2023;0,3825385
CMR;CAMEROUN (autres villes);2009;0,3563205
CMR;CAMEROUN (autres villes);2012;0,297253
CMR;CAMEROUN (autres villes);2015;0,3032945
CMR;CAMEROUN (autres villes);2018;0,336062
CMR;CAMEROUN (autres villes);2020;0,3576185
CMR;CAMEROUN (autres villes);2023;0,3511335
COD;CONGO RDC;2009;0,422229
COD;CONGO RDC;2012;0,3752785
COD;CONGO RDC;2015;0,4590155
COD;CONGO RDC;2018;0,6785395
COD;CONGO RDC;2020;0,6974185
COD;CONGO RDC;2023;0,7144065
COG;CONGO;2009;0,4142705
COG;CONGO;2012;0,335412
COG;CONGO;2015;0,3738265
COG;CONGO;2018;0,4508535
COG;CONGO;2020;0,501845
COG;CONGO;2023;0,4707125
COL;COLOMBIE;2009;0,3522375
COL;COLOMBIE;2012;0,3355065
COL;COLOMBIE;2015;0,3256395
COL;COLOMBIE;2018;0,335854
COL;COLOMBIE;2020;0,3026325
COL;COLOMBIE;2023;0,2780465
COM;COMORES;2009;0,41505
COM;COMORES;2012;0,4375535
COM;COMORES;2015;0,46193
COM;COMORES;2018;0,5150215
COM;COMORES;2020;0,5378105
COM;COMORES;2023;0,527154
CPV;CAP-VERT;2009;0,302808
CPV;CAP-VERT;2012;0,277805
CPV;CAP-VERT;2015;0,288869
CPV;CAP-VERT;2018;0,2994715
CPV;CAP-VERT;2020;0,292169
CPV;CAP-VERT;2023;0,2798085
CRI;COSTA RICA;2009;0,2085455
CRI;COSTA RICA;2012;0,2647765
CRI;COSTA RICA;2015;0,275703
CRI;COSTA RICA;2018;0,281851
CRI;COSTA RICA;2020;0,2938285
CRI;COSTA RICA;2023;0,279065
CUB;CUBA;2009;0,270658
CUB;CUBA;2012;0,278437
CUB;CUBA;2015;0,320134
CUB;CUBA;2018;0,4620335
CUB;CUBA;2020;0,489985
CUB;CUBA;2023;0,569916
CYP;CHYPRE;2009;0,2529915
CYP;CHYPRE;2012;0,2014795
CYP;CHYPRE;2015;0,1934375
CYP;CHYPRE;2018;0,1824645
CYP;CHYPRE;2020;0,1829735
CYP;CHYPRE;2023;0,209599
CZE;REPUBLIQUE TCHEQUE;2009;0,338279
CZE;REPUBLIQUE TCHEQUE;2012;0,2307735
CZE;REPUBLIQUE TCHEQUE;2015;0,196255
CZE;REPUBLIQUE TCHEQUE;2018;0,209682
CZE;REPUBLIQUE TCHEQUE;2020;0,223959
CZE;REPUBLIQUE TCHEQUE;2023;0,2760895
DEU;ALLEMAGNE (autres villes);2009;0,220604
DEU;ALLEMAGNE (autres villes);2012;0,1895795
DEU;ALLEMAGNE (autres villes);2015;0,190195
DEU;ALLEMAGNE (autres villes);2018;0,207491
DEU;ALLEMAGNE (autres villes);2020;0,2131005
DEU;ALLEMAGNE (autres villes);2023;0,235982
DJI;DJIBOUTI;2009;0,3104
DJI;DJIBOUTI;2012;0,3024395
DJI;DJIBOUTI;2015;0,36267
DJI;DJIBOUTI;2018;0,4233655
DJI;DJIBOUTI;2020;0,439723
DJI;DJIBOUTI;2023;0,4645695
DMA;DOMINIQUE;2009;0,202608
DMA;DOMINIQUE;2012;0,211759
DMA;DOMINIQUE;2015;0,2831755
DMA;DOMINIQUE;2018;0,3165135
DMA;DOMINIQUE;2020;0,309156
DMA;DOMINIQUE;2023;0,3206565
DNK;DANEMARK;2009;0,274754
DNK;DANEMARK;2012;0,230668
DNK;DANEMARK;2015;0,243031
DNK;DANEMARK;2018;0,2633465
DNK;DANEMARK;2020;0,2626425
DNK;DANEMARK;2023;0,2809465
DOM;REPUBLIQUE DOMINICAINE;2009;0,246329
DOM;REPUBLIQUE DOMINICAINE;2012;0,2537175
DOM;REPUBLIQUE DOMINICAINE;2015;0,2821415
DOM;REPUBLIQUE DOMINICAINE;2018;0,30411
DOM;REPUBLIQUE DOMINICAINE;2020;0,299424
DOM;REPUBLIQUE DOMINICAINE;2023;0,3282505
DZA;ALGERIE (autres villes);2009;0,365154
DZA;ALGERIE (autres villes);2012;0,314054
DZA;ALGERIE (autres villes);2015;0,313404
DZA;ALGERIE (autres villes);2018;0,3102665
DZA;ALGERIE (autres villes);2020;0,308997
DZA;ALGERIE (autres villes);2023;0,3534355
ECU;EQUATEUR;2009;0,2347955
ECU;EQUATEUR;2012;0,252026
ECU;EQUATEUR;2015;0,3050515
ECU;EQUATEUR;2018;0,3512655
ECU;EQUATEUR;2020;0,3375635
ECU;EQUATEUR;2023;0,3463475
EGY;EGYPTE;2009;0,274154
EGY;EGYPTE;2012;0,276427
EGY;EGYPTE;2015;0,328468
EGY;EGYPTE;2018;0,3718695
EGY;EGYPTE;2020;0,495037
EGY;EGYPTE;2023;0,4493975
ERI;ERYTHREE;2009;0,3592125
ERI;ERYTHREE;2012;0,4127605
ERI;ERYTHREE;2015;0,473822
ERI;ERYTHREE;2018;0,700185
ERI;ERYTHREE;2020;0,641204
ERI;ERYTHREE;2023;0,647598
ESP;ESPAGNE;2009;0,234079
ESP;ESPAGNE;2012;0,193286
ESP;ESPAGNE;2015;0,192434
ESP;ESPAGNE;2018;0,1963385
ESP;ESPAGNE;2020;0,1970155
ESP;ESPAGNE;2023;0,2186815
EST;ESTONIE;2009;0,304254
EST;ESTONIE;2012;0,2448275
EST;ESTONIE;2015;0,2426435
EST;ESTONIE;2018;0,2245675
EST;ESTONIE;2020;0,2277085
EST;ESTONIE;2023;0,2735595
ETH;ETHIOPIE;2009;0,321504
ETH;ETHIOPIE;2012;0,294695
ETH;ETHIOPIE;2015;0,424407
ETH;ETHIOPIE;2018;0,5069275
ETH;ETHIOPIE;2020;0,492968
ETH;ETHIOPIE;2023;0,4399815
FIN;FINLANDE;2009;0,2438875
FIN;FINLANDE;2012;0,194727
FIN;FINLANDE;2015;0,218339
FIN;FINLANDE;2018;0,2379265
FIN;FINLANDE;2020;0,241319
FIN;FINLANDE;2023;0,259907
FJI;FIDJI;2009;0,279804
FJI;FIDJI;2012;0,309518
FJI;FIDJI;2015;0,3315105
FJI;FIDJI;2018;0,39096
FJI;FIDJI;2020;0,374629
FJI;FIDJI;2023;0,363311
GAB;GABON;2009;0,345183
GAB;GABON;2012;0,297498
GAB;GABON;2015;0,3422865
GAB;GABON;2018;0,3617095
GAB;GABON;2020;0,3682875
GAB;GABON;2023;0,354368
GBR;ROYAUME-UNI (Londres);2009;0,2855915
GBR;ROYAUME-UNI (Londres);2012;0,2377365
GBR;ROYAUME-UNI (Londres);2015;0,295305
GBR;ROYAUME-UNI (Londres);2018;0,2692415
GBR;ROYAUME-UNI (Londres);2020;0,2679985
GBR;ROYAUME-UNI (Londres);2023;0,3074385
GEO;GEORGIE;2009;0,398579
GEO;GEORGIE;2012;0,353198
GEO;GEORGIE;2015;0,342271
GEO;GEORGIE;2018;0,334835
GEO;GEORGIE;2020;0,304714
GEO;GEORGIE;2023;0,359081
GHA;GHANA;2009;0,24795
GHA;GHANA;2012;0,3255825
GHA;GHANA;2015;0,242379
GHA;GHANA;2018;0,524117
GHA;GHANA;2020;0,4699035
GHA;GHANA;2023;0,364629
GIN;GUINEE;2009;0,3788915
GIN;GUINEE;2012;0,366121
GIN;GUINEE;2015;0,4922275
GIN;GUINEE;2018;0,502258
GIN;GUINEE;2020;0,5441465
GIN;GUINEE;2023;0,612262
GMB;GAMBIE;2009;0,322183
GMB;GAMBIE;2012;0,240162
GMB;GAMBIE;2015;0,2541515
GMB;GAMBIE;2018;0,277487
GMB;GAMBIE;2020;0,2939505
GMB;GAMBIE;2023;0,3065395
GNB;GUINEE-BISSAO;2009;0,3768455
GNB;GUINEE-BISSAO;2012;0,345179
GNB;GUINEE-BISSAO;2015;0,3894465
GNB;GUINEE-BISSAO;2018;0,5103815
GNB;GUINEE-BISSAO;2020;0,5229255
GNB;GUINEE-BISSAO;2023;0,51051
GNQ;GUINEE EQUATORIALE;2009;0,4029125
GNQ;GUINEE EQUATORIALE;2012;0,3700665
GNQ;GUINEE EQUATORIALE;2015;0,442934
GNQ;GUINEE EQUATORIALE;2018;0,504204
GNQ;GUINEE EQUATORIALE;2020;0,5066615
GNQ;GUINEE EQUATORIALE;2023;0,4841835
GRC;GRECE;2009;0,2566665
GRC;GRECE;2012;0,230772
GRC;GRECE;2015;0,21859
GRC;GRECE;2018;0,19477
GRC;GRECE;2020;0,1900715
GRC;GRECE;2023;0,202566
GRD;GRENADE;2009;0,2096375
GRD;GRENADE;2012;0,220347
GRD;GRENADE;2015;0,2752775
GRD;GRENADE;2018;0,310871
GRD;GRENADE;2020;0,3134185
GRD;GRENADE;2023;0,325078
GTM;GUATEMALA;2009;0,289183
GTM;GUATEMALA;2012;0,312535
GTM;GUATEMALA;2015;0,369369
GTM;GUATEMALA;2018;0,435131
GTM;GUATEMALA;2020;0,415706
GTM;GUATEMALA;2023;0,4428735
GUY;GUYANA;2009;0,273975
GUY;GUYANA;2012;0,279179
GUY;GUYANA;2015;0,3060295
GUY;GUYANA;2018;0,352492
GUY;GUYANA;2020;0,3382915
GUY;GUYANA;2023;0,354541
HND;HONDURAS;2009;0,2573415
HND;HONDURAS;2012;0,312109
HND;HONDURAS;2015;0,34755
HND;HONDURAS;2018;0,402609
HND;HONDURAS;2020;0,410996
HND;HONDURAS;2023;0,4406005
HRV;CROATIE;2009;0,3069705
HRV;CROATIE;2012;0,223405
HRV;CROATIE;2015;0,217829
HRV;CROATIE;2018;0,203938
HRV;CROATIE;2020;0,2070985
HRV;CROATIE;2023;0,208796
HTI;HAITI;2009;0,3364125
HTI;HAITI;2012;0,4317185
HTI;HAITI;2015;0,467124
HTI;HAITI;2018;0,63076
HTI;HAITI;2020;0,665778
HTI;HAITI;2023;0,7664445
HUN;HONGRIE;2009;0,261875
HUN;HONGRIE;2012;0,2013835
HUN;HONGRIE;2015;0,1870935
HUN;HONGRIE;2018;0,1988525
HUN;HONGRIE;2020;0,19435
HUN;HONGRIE;2023;0,1818395
IDN;INDONESIE;2009;0,3091625
IDN;INDONESIE;2012;0,350572
IDN;INDONESIE;2015;0,311364
IDN;INDONESIE;2018;0,3902345
IDN;INDONESIE;2020;0,4009885
IDN;INDONESIE;2023;0,4075525
IND;INDE (New Delhi, Calcutta);2009;0,327475
IND;INDE (New Delhi, Calcutta);2012;0,33521
IND;INDE (New Delhi, Calcutta);2015;0,3939335
IND;INDE (New Delhi, Calcutta);2018;0,5602975
IND;INDE (New Delhi, Calcutta);2020;0,5498435
IND;INDE (New Delhi, Calcutta);2023;0,5534845
IRL;IRLANDE;2009;0,2403625
IRL;IRLANDE;2012;0,1925315
IRL;IRLANDE;2015;0,1909365
IRL;IRLANDE;2018;0,2169595
IRL;IRLANDE;2020;0,2327025
IRL;IRLANDE;2023;0,2729945
IRN;IRAN;2009;0,3839915
IRN;IRAN;2012;0,4936285
IRN;IRAN;2015;0,5260195
IRN;IRAN;2018;0,5362725
IRN;IRAN;2020;0,630906
IRN;IRAN;2023;0,837899
IRQ;IRAK (autres villes);2009;0,544475
IRQ;IRAK (autres villes);2012;0,501118
IRQ;IRAK (autres villes);2015;0,582048
IRQ;IRAK (autres villes);2018;0,681722
IRQ;IRAK (autres villes);2020;0,681722
IRQ;IRAK (autres villes);2023;0,7479845
ISL;ISLANDE;2009;0,287933
ISL;ISLANDE;2012;0,2585285
ISL;ISLANDE;2015;0,282147
ISL;ISLANDE;2018;0,3550925
ISL;ISLANDE;2020;0,330746
ISL;ISLANDE;2023;0,381195
ISR;ISRAEL;2009;0,3440205
ISR;ISRAEL;2012;0,3165215
ISR;ISRAEL;2015;0,3481515
ISR;ISRAEL;2018;0,3776625
ISR;ISRAEL;2020;0,393368
ISR;ISRAEL;2023;0,4838425
ITA;ITALIE (autres villes);2009;0,241525
ITA;ITALIE (autres villes);2012;0,1995715
ITA;ITALIE (autres villes);2015;0,2043195
ITA;ITALIE (autres villes);2018;0,2051455
ITA;ITALIE (autres villes);2020;0,207281
ITA;ITALIE (autres villes);2023;0,220383
JAM;JAMAIQUE;2009;0,2470455
JAM;JAMAIQUE;2012;0,270656
JAM;JAMAIQUE;2015;0,2634695
JAM;JAMAIQUE;2018;0,36316
JAM;JAMAIQUE;2020;0,387152
JAM;JAMAIQUE;2023;0,4238185
JOR;JORDANIE;2009;0,2575955
JOR;JORDANIE;2012;0,280238
JOR;JORDANIE;2015;0,332309
JOR;JORDANIE;2018;0,3613405
JOR;JORDANIE;2020;0,3670545
JOR;JORDANIE;2023;0,3775315
JPN;JAPON (Tokyo);2009;0,320583
JPN;JAPON (Tokyo);2012;0,445324
JPN;JAPON (Tokyo);2015;0,3395965
JPN;JAPON (Tokyo);2018;0,3613455
JPN;JAPON (Tokyo);2020;0,3908645
JPN;JAPON (Tokyo);2023;0,3220775
KAZ;KAZAKHSTAN;2009;0,382229
KAZ;KAZAKHSTAN;2012;0,3631785
KAZ;KAZAKHSTAN;2015;0,3543595
KAZ;KAZAKHSTAN;2018;0,4592805
KAZ;KAZAKHSTAN;2020;0,421504
KAZ;KAZAKHSTAN;2023;0,393502
KEN;KENYA;2009;0,2962375
KEN;KENYA;2012;0,220683
KEN;KENYA;2015;0,32493
KEN;KENYA;2018;0,372809
KEN;KENYA;2020;0,4009935
KEN;KENYA;2023;0,3676025
KGZ;KIRGHIZSTAN;2009;0,3488705
KGZ;KIRGHIZSTAN;2012;0,3045145
KGZ;KIRGHIZSTAN;2015;0,341778
KGZ;KIRGHIZSTAN;2018;0,532825
KGZ;KIRGHIZSTAN;2020;0,5190875
KGZ;KIRGHIZSTAN;2023;0,5071575
KHM;CAMBODGE;2009;0,2605415
KHM;CAMBODGE;2012;0,2968725
KHM;CAMBODGE;2015;0,3425205
KHM;CAMBODGE;2018;0,4018805
KHM;CAMBODGE;2020;0,410072
KHM;CAMBODGE;2023;0,4241025
KNA;SAINT-CHRISTOPHE-ET-NIEVES;2009;0,1986415
KNA;SAINT-CHRISTOPHE-ET-NIEVES;2012;0,215233
KNA;SAINT-CHRISTOPHE-ET-NIEVES;2015;0,2752685
KNA;SAINT-CHRISTOPHE-ET-NIEVES;2018;0,3108605
KNA;SAINT-CHRISTOPHE-ET-NIEVES;2020;0,310085
KNA;SAINT-CHRISTOPHE-ET-NIEVES;2023;0,3216205
KOR;COREE DU SUD;2009;0,3284415
KOR;COREE DU SUD;2012;0,3354715
KOR;COREE DU SUD;2015;0,374118
KOR;COREE DU SUD;2018;0,3809315
KOR;COREE DU SUD;2020;0,367837
KOR;COREE DU SUD;2023;0,364181
KWT;KOWEIT;2009;0,343658
KWT;KOWEIT;2012;0,3737665
KWT;KOWEIT;2015;0,3573985
KWT;KOWEIT;2018;0,398182
KWT;KOWEIT;2020;0,395389
KWT;KOWEIT;2023;0,4404665
LAO;LAOS;2009;0,295629
LAO;LAOS;2012;0,321457
LAO;LAOS;2015;0,3759
LAO;LAOS;2018;0,4049065
LAO;LAOS;2020;0,383098
LAO;LAOS;2023;0,3061045
LBN;LIBAN;2009;0,321704
LBN;LIBAN;2012;0,3496845
LBN;LIBAN;2015;0,446178
LBN;LIBAN;2018;0,481234
LBN;LIBAN;2020;0,4848965
LBN;LIBAN;2023;0,7068935
LBR;LIBERIA;2009;0,400508
LBR;LIBERIA;2012;0,3931315
LBR;LIBERIA;2015;0,560897
LBR;LIBERIA;2018;0,559036
LBR;LIBERIA;2020;0,5759185
LBR;LIBERIA;2023;0,587494
LBY;LIBYE;2009;0,2761205
LBY;LIBYE;2012;0,3313915
LBY;LIBYE;2015;0,4957335
LBY;LIBYE;2018;0,57277
LBY;LIBYE;2020;0,5555865
LBY;LIBYE;2023;0,589199
LCA;SAINTE-LUCIE;2009;0,1949455
LCA;SAINTE-LUCIE;2012;0,205814
LCA;SAINTE-LUCIE;2015;0,275288
LCA;SAINTE-LUCIE;2018;0,307615
LCA;SAINTE-LUCIE;2020;0,316254
LCA;SAINTE-LUCIE;2023;0,331314
LKA;SRI LANKA;2009;0,250579
LKA;SRI LANKA;2012;0,296163
LKA;SRI LANKA;2015;0,3031375
LKA;SRI LANKA;2018;0,3374395
LKA;SRI LANKA;2020;0,314216
LKA;SRI LANKA;2023;0,2449725
LSO;LESOTHO;2009;0,2643875
LSO;LESOTHO;2012;0,3089425
LSO;LESOTHO;2015;0,2492225
LSO;LESOTHO;2018;0,314437
LSO;LESOTHO;2020;0,382921
LSO;LESOTHO;2023;0,437483
LTU;LITUANIE;2009;0,302158
LTU;LITUANIE;2012;0,2429725
LTU;LITUANIE;2015;0,234269
LTU;LITUANIE;2018;0,21685
LTU;LITUANIE;2020;0,212454
LTU;LITUANIE;2023;0,2600025
LUX;LUXEMBOURG;2009;0,215833
LUX;LUXEMBOURG;2012;0,180605
LUX;LUXEMBOURG;2015;0,1893645
LUX;LUXEMBOURG;2018;0,208281
LUX;LUXEMBOURG;2020;0,220942
LUX;LUXEMBOURG;2023;0,2344835
LVA;LETTONIE;2009;0,3066125
LVA;LETTONIE;2012;0,2406395
LVA;LETTONIE;2015;0,2389975
LVA;LETTONIE;2018;0,2312005
LVA;LETTONIE;2020;0,2375955
LVA;LETTONIE;2023;0,268761
MAR;MAROC (autres villes);2009;0,249
MAR;MAROC (autres villes);2012;0,2305675
MAR;MAROC (autres villes);2015;0,23525
MAR;MAROC (autres villes);2018;0,2505
MAR;MAROC (autres villes);2020;0,254698
MAR;MAROC (autres villes);2023;0,244423
MCO;MONACO;2009;0,1584915
MCO;MONACO;2012;0,135185
MCO;MONACO;2015;0,141944
MCO;MONACO;2018;0,1520215
MCO;MONACO;2020;0,156612
MCO;MONACO;2023;0,17102
MDA;MOLDAVIE;2009;0,3554415
MDA;MOLDAVIE;2012;0,291404
MDA;MOLDAVIE;2015;0,311387
MDA;MOLDAVIE;2018;0,3419585
MDA;MOLDAVIE;2020;0,352732
MDA;MOLDAVIE;2023;0,431166
MDG;MADAGASCAR;2009;0,3330125
MDG;MADAGASCAR;2012;0,306904
MDG;MADAGASCAR;2015;0,291226
MDG;MADAGASCAR;2018;0,4085525
MDG;MADAGASCAR;2020;0,38897
MDG;MADAGASCAR;2023;0,402748
MDV;MALDIVES;2009;0,2732
MDV;MALDIVES;2012;0,311088
MDV;MALDIVES;2015;0,3061875
MDV;MALDIVES;2018;0,3373465
MDV;MALDIVES;2020;0,3141295
MDV;MALDIVES;2023;0,240366
MEX;MEXIQUE;2009;0,2626205
MEX;MEXIQUE;2012;0,259385
MEX;MEXIQUE;2015;0,3136545
MEX;MEXIQUE;2018;0,305516
MEX;MEXIQUE;2020;0,3032695
MEX;MEXIQUE;2023;0,366069
MKD;MACEDOINE;2009;0,297079
MKD;MACEDOINE;2012;0,250505
MKD;MACEDOINE;2015;0,2673625
MKD;MACEDOINE;2018;0,2655555
MKD;MACEDOINE;2020;0,2655195
MKD;MACEDOINE;2023;0,262758
MLI;MALI;2009;0,3396915
MLI;MALI;2012;0,3145665
MLI;MALI;2015;0,354545
MLI;MALI;2018;0,4155495
MLI;MALI;2020;0,4827885
MLI;MALI;2023;0,525225
MLT;MALTE;2009;0,2420625
MLT;MALTE;2012;0,20721
MLT;MALTE;2015;0,201442
MLT;MALTE;2018;0,1934645
MLT;MALTE;2020;0,193955
MLT;MALTE;2023;0,2041835
MMR;BIRMANIE;2009;0,309983
MMR;BIRMANIE;2012;0,337132
MMR;BIRMANIE;2015;0,3866555
MMR;BIRMANIE;2018;0,5493415
MMR;BIRMANIE;2020;0,5388435
MMR;BIRMANIE;2023;0,590411
MNE;MONTENEGRO;2009;0,3720205
MNE;MONTENEGRO;2012;0,244927
MNE;MONTENEGRO;2015;0,24904
MNE;MONTENEGRO;2018;0,253348
MNE;MONTENEGRO;2020;0,2497325
MNE;MONTENEGRO;2023;0,2427545
MNG;MONGOLIE;2009;0,277808
MNG;MONGOLIE;2012;0,3521195
MNG;MONGOLIE;2015;0,4526145
MNG;MONGOLIE;2018;0,5384155
MNG;MONGOLIE;2020;0,5487965
MNG;MONGOLIE;2023;0,5644755
MOZ;MOZAMBIQUE;2009;0,3274375
MOZ;MOZAMBIQUE;2012;0,2751115
MOZ;MOZAMBIQUE;2015;0,312573
MOZ;MOZAMBIQUE;2018;0,510667
MOZ;MOZAMBIQUE;2020;0,5077945
MOZ;MOZAMBIQUE;2023;0,4860555
MRT;MAURITANIE;2009;0,3326165
MRT;MAURITANIE;2012;0,310806
MRT;MAURITANIE;2015;0,3599185
MRT;MAURITANIE;2018;0,3856405
MRT;MAURITANIE;2020;0,450919
MRT;MAURITANIE;2023;0,470164
MUS;MAURICE;2009;0,221229
MUS;MAURICE;2012;0,25347
MUS;MAURICE;2015;0,2471145
MUS;MAURICE;2018;0,2584455
MUS;MAURICE;2020;0,238602
MUS;MAURICE;2023;0,228286
MWI;MALAWI;2009;0,217908
MWI;MALAWI;2012;0,2136895
MWI;MALAWI;2015;0,205301
MWI;MALAWI;2018;0,3345285
MWI;MALAWI;2020;0,298498
MWI;MALAWI;2023;0,3141625
MYS;MALAISIE;2009;0,231975
MYS;MALAISIE;2012;0,237761
MYS;MALAISIE;2015;0,2565215
MYS;MALAISIE;2018;0,2402095
MYS;MALAISIE;2020;0,2552445
MYS;MALAISIE;2023;0,2682595
NAM;NAMIBIE;2009;0,2192915
NAM;NAMIBIE;2012;0,2474445
NAM;NAMIBIE;2015;0,197024
NAM;NAMIBIE;2018;0,3537755
NAM;NAMIBIE;2020;0,379715
NAM;NAMIBIE;2023;0,3912415
NER;NIGER;2009;0,350579
NER;NIGER;2012;0,357065
NER;NIGER;2015;0,374736
NER;NIGER;2018;0,4465465
NER;NIGER;2020;0,502237
NER;NIGER;2023;0,515481
NGA;NIGERIA;2009;0,428858
NGA;NIGERIA;2012;0,3821475
NGA;NIGERIA;2015;0,4377295
NGA;NIGERIA;2018;0,649354
NGA;NIGERIA;2020;0,6759465
NGA;NIGERIA;2023;0,610863
NIC;NICARAGUA;2009;0,2429875
NIC;NICARAGUA;2012;0,249752
NIC;NICARAGUA;2015;0,285002
NIC;NICARAGUA;2018;0,3777285
NIC;NICARAGUA;2020;0,377693
NIC;NICARAGUA;2023;0,427192
NLD;PAYS-BAS;2009;0,2178125
NLD;PAYS-BAS;2012;0,1814305
NLD;PAYS-BAS;2015;0,191337
NLD;PAYS-BAS;2018;0,211976
NLD;PAYS-BAS;2020;0,2233
NLD;PAYS-BAS;2023;0,2492255
NOR;NORVEGE (autres villes);2009;0,2546915
NOR;NORVEGE (autres villes);2012;0,2406885
NOR;NORVEGE (autres villes);2015;0,2456275
NOR;NORVEGE (autres villes);2018;0,254405
NOR;NORVEGE (autres villes);2020;0,250589
NOR;NORVEGE (autres villes);2023;0,2796815
NPL;NEPAL;2009;0,2575955
NPL;NEPAL;2012;0,280053
NPL;NEPAL;2015;0,2886185
NPL;NEPAL;2018;0,459715
NPL;NEPAL;2020;0,5095885
NPL;NEPAL;2023;0,511325
NZL;NOUVELLE-ZELANDE;2009;0,193779
NZL;NOUVELLE-ZELANDE;2012;0,259703
NZL;NOUVELLE-ZELANDE;2015;0,292139
NZL;NOUVELLE-ZELANDE;2018;0,279441
NZL;NOUVELLE-ZELANDE;2020;0,2562275
NZL;NOUVELLE-ZELANDE;2023;0,292146
OMN;OMAN;2009;0,235583
OMN;OMAN;2012;0,252711
OMN;OMAN;2015;0,271745
OMN;OMAN;2018;0,318199
OMN;OMAN;2020;0,3128925
OMN;OMAN;2023;0,348949
PAK;PAKISTAN (Karachi);2009;0,346675
PAK;PAKISTAN (Karachi);2012;0,458559
PAK;PAKISTAN (Karachi);2015;0,5258435
PAK;PAKISTAN (Karachi);2018;0,662047
PAK;PAKISTAN (Karachi);2020;0,4994355
PAK;PAKISTAN (Karachi);2023;0,519319
PAN;PANAMA;2009;0,207058
PAN;PANAMA;2012;0,2484185
PAN;PANAMA;2015;0,284845
PAN;PANAMA;2018;0,329581
PAN;PANAMA;2020;0,3204895
PAN;PANAMA;2023;0,338621
PER;PEROU;2009;0,2547625
PER;PEROU;2012;0,2575025
PER;PEROU;2015;0,264434
PER;PEROU;2018;0,2954295
PER;PEROU;2020;0,3121965
PER;PEROU;2023;0,3101485
PHL;PHILIPPINES;2009;0,2539875
PHL;PHILIPPINES;2012;0,289586
PHL;PHILIPPINES;2015;0,3208345
PHL;PHILIPPINES;2018;0,32557
PHL;PHILIPPINES;2020;0,343426
PHL;PHILIPPINES;2023;0,364104
PNG;PAPOUASIE-NOUVELLE-GUINEE;2009;0,3298125
PNG;PAPOUASIE-NOUVELLE-GUINEE;2012;0,442331
PNG;PAPOUASIE-NOUVELLE-GUINEE;2015;0,475656
PNG;PAPOUASIE-NOUVELLE-GUINEE;2018;0,5786435
PNG;PAPOUASIE-NOUVELLE-GUINEE;2020;0,584386
PNG;PAPOUASIE-NOUVELLE-GUINEE;2023;0,611543
POL;POLOGNE;2009;0,3282955
POL;POLOGNE;2012;0,2279665
POL;POLOGNE;2015;0,231282
POL;POLOGNE;2018;0,214613
POL;POLOGNE;2020;0,209764
POL;POLOGNE;2023;0,2324605
PRT;PORTUGAL;2009;0,214925
PRT;PORTUGAL;2012;0,1760485
PRT;PORTUGAL;2015;0,1738725
PRT;PORTUGAL;2018;0,1778425
PRT;PORTUGAL;2020;0,187797
PRT;PORTUGAL;2023;0,201261
PRY;PARAGUAY;2009;0,2849375
PRY;PARAGUAY;2012;0,262479
PRY;PARAGUAY;2015;0,2781305
PRY;PARAGUAY;2018;0,2830515
PRY;PARAGUAY;2020;0,2794445
PRY;PARAGUAY;2023;0,294348
QAT;QATAR;2009;0,328475
QAT;QATAR;2012;0,326812
QAT;QATAR;2015;0,348765
QAT;QATAR;2018;0,411871
QAT;QATAR;2020;0,4108185
QAT;QATAR;2023;0,4415885
ROU;ROUMANIE;2009;0,3154955
ROU;ROUMANIE;2012;0,2426885
ROU;ROUMANIE;2015;0,2413475
ROU;ROUMANIE;2018;0,215405
ROU;ROUMANIE;2020;0,22209
ROU;ROUMANIE;2023;0,242727
RUS;RUSSIE (Moscou);2009;0,445929
RUS;RUSSIE (Moscou);2012;0,431253
RUS;RUSSIE (Moscou);2015;0,374665
RUS;RUSSIE (Moscou);2018;0,4603825
RUS;RUSSIE (Moscou);2020;0,4485945
RUS;RUSSIE (Moscou);2023;0,4960675
RWA;RWANDA;2009;0,278854
RWA;RWANDA;2012;0,2969475
RWA;RWANDA;2015;0,3112465
RWA;RWANDA;2018;0,391907
RWA;RWANDA;2020;0,378954
RWA;RWANDA;2023;0,393544
SAU;ARABIE SAOUDITE;2009;0,3051455
SAU;ARABIE SAOUDITE;2012;0,3350205
SAU;ARABIE SAOUDITE;2015;0,3865415
SAU;ARABIE SAOUDITE;2018;0,4698665
SAU;ARABIE SAOUDITE;2020;0,4840785
SAU;ARABIE SAOUDITE;2023;0,5083205
SDN;SOUDAN;2009;0,3839125
SDN;SOUDAN;2012;0,354101
SDN;SOUDAN;2015;0,524522
SDN;SOUDAN;2018;0,714435
SDN;SOUDAN;2020;0,5208425
SDN;SOUDAN;2023;0,5365715
SEN;SENEGAL;2009;0,2888165
SEN;SENEGAL;2012;0,2730805
SEN;SENEGAL;2015;0,279133
SEN;SENEGAL;2018;0,288513
SEN;SENEGAL;2020;0,28792
SEN;SENEGAL;2023;0,288724
SGP;SINGAPOUR;2009;0,2846665
SGP;SINGAPOUR;2012;0,3358745
SGP;SINGAPOUR;2015;0,366668
SGP;SINGAPOUR;2018;0,357043
SGP;SINGAPOUR;2020;0,3571195
SGP;SINGAPOUR;2023;0,4105725
SLE;SIERRA LEONE;2009;0,4002665
SLE;SIERRA LEONE;2012;0,389884
SLE;SIERRA LEONE;2015;0,537052
SLE;SIERRA LEONE;2018;0,48678
SLE;SIERRA LEONE;2020;0,5063965
SLE;SIERRA LEONE;2023;0,51146
SLV;SALVADOR;2009;0,29455
SLV;SALVADOR;2012;0,323623
SLV;SALVADOR;2015;0,3596205
SLV;SALVADOR;2018;0,4067415
SLV;SALVADOR;2020;0,423721
SLV;SALVADOR;2023;0,4383605
SOM;SOMALIE;2009;0,3869955
SOM;SOMALIE;2012;0,3558535
SOM;SOMALIE;2015;0,521004
SOM;SOMALIE;2018;0,6317895
SOM;SOMALIE;2020;0,6760775
SOM;SOMALIE;2023;0,716642
SRB;SERBIE;2009;0,3674625
SRB;SERBIE;2012;0,2552155
SRB;SERBIE;2015;0,250157
SRB;SERBIE;2018;0,248424
SRB;SERBIE;2020;0,251277
SRB;SERBIE;2023;0,2641255
SSD;SOUDAN DU SUD;2009;0,3839125
SSD;SOUDAN DU SUD;2012;0,42244
SSD;SOUDAN DU SUD;2015;0,63135
SSD;SOUDAN DU SUD;2018;0,7484085
SSD;SOUDAN DU SUD;2020;0,710988
SSD;SOUDAN DU SUD;2023;0,7461105
STP;SAO TOME-ET-PRINCIPE;2009;0,3941205
STP;SAO TOME-ET-PRINCIPE;2012;0,400685
STP;SAO TOME-ET-PRINCIPE;2015;0,418672
STP;SAO TOME-ET-PRINCIPE;2018;0,5819515
STP;SAO TOME-ET-PRINCIPE;2020;0,5087415
STP;SAO TOME-ET-PRINCIPE;2023;0,521426
SUR;SURINAME;2009;0,269704
SUR;SURINAME;2012;0,2670005
SUR;SURINAME;2015;0,3109715
SUR;SURINAME;2018;0,3687095
SUR;SURINAME;2020;0,410594
SUR;SURINAME;2023;0,5102505
SVK;SLOVAQUIE;2009;0,348108
SVK;SLOVAQUIE;2012;0,2414615
SVK;SLOVAQUIE;2015;0,236901
SVK;SLOVAQUIE;2018;0,212365
SVK;SLOVAQUIE;2020;0,221687
SVK;SLOVAQUIE;2023;0,248221
SVN;SLOVENIE;2009;0,256433
SVN;SLOVENIE;2012;0,198762
SVN;SLOVENIE;2015;0,200423
SVN;SLOVENIE;2018;0,1941875
SVN;SLOVENIE;2020;0,1989685
SVN;SLOVENIE;2023;0,2047085
SWE;SUEDE;2009;0,234025
SWE;SUEDE;2012;0,2147535
SWE;SUEDE;2015;0,2141645
SWE;SUEDE;2018;0,234028
SWE;SUEDE;2020;0,21
SWE;SUEDE;2023;0,2336425
SWZ;SWAZILAND;2009;0,273779
SWZ;SWAZILAND;2012;0,2261395
SWZ;SWAZILAND;2015;0,188792
SWZ;SWAZILAND;2018;0,261895
SWZ;SWAZILAND;2020;0,3221945
SWZ;SWAZILAND;2023;0,34907
SYC;SEYCHELLES;2009;0,191425
SYC;SEYCHELLES;2012;0,207853
SYC;SEYCHELLES;2015;0,2298045
SYC;SEYCHELLES;2018;0,255575
SYC;SEYCHELLES;2020;0,273148
SYC;SEYCHELLES;2023;0,290332
SYR;SYRIE;2009;0,3349625
SYR;SYRIE;2012;0,3737565
SYR;SYRIE;2015;0,347966
SYR;SYRIE;2018;0,616247
SYR;SYRIE;2020;0,6779235
SYR;SYRIE;2023;0,732157
TCD;TCHAD;2009;0,4689705
TCD;TCHAD;2012;0,398828
TCD;TCHAD;2015;0,4183235
TCD;TCHAD;2018;0,447778
TCD;TCHAD;2020;0,4886445
TCD;TCHAD;2023;0,4872385
TGO;TOGO;2009;0,3010455
TGO;TOGO;2012;0,2730555
TGO;TOGO;2015;0,284129
TGO;TOGO;2018;0,3076185
TGO;TOGO;2020;0,315038
TGO;TOGO;2023;0,310528
THA;THAILANDE;2009;0,2577665
THA;THAILANDE;2012;0,2978695
THA;THAILANDE;2015;0,290648
THA;THAILANDE;2018;0,3178505
THA;THAILANDE;2020;0,358855
THA;THAILANDE;2023;0,3440405
TJK;TADJIKISTAN;2009;0,3148955
TJK;TADJIKISTAN;2012;0,3042365
TJK;TADJIKISTAN;2015;0,398652
TJK;TADJIKISTAN;2018;0,4610985
TJK;TADJIKISTAN;2020;0,5163045
TJK;TADJIKISTAN;2023;0,52881
TKM;TURKMENISTAN;2009;0,3359665
TKM;TURKMENISTAN;2012;0,4455955
TKM;TURKMENISTAN;2015;0,491518
TKM;TURKMENISTAN;2018;0,591839
TKM;TURKMENISTAN;2020;0,6750925
TKM;TURKMENISTAN;2023;0,737076
TLS;TIMOR ORIENTAL;2009;0,333083
TLS;TIMOR ORIENTAL;2012;0,4226295
TLS;TIMOR ORIENTAL;2015;0,4285365
TLS;TIMOR ORIENTAL;2018;0,4300435
TLS;TIMOR ORIENTAL;2020;0,4085075
TLS;TIMOR ORIENTAL;2023;0,414744
TTO;TRINITE-ET-TOBAGO;2009;0,2638375
TTO;TRINITE-ET-TOBAGO;2012;0,2737085
TTO;TRINITE-ET-TOBAGO;2015;0,3123885
TTO;TRINITE-ET-TOBAGO;2018;0,407085
TTO;TRINITE-ET-TOBAGO;2020;0,4087525
TTO;TRINITE-ET-TOBAGO;2023;0,4155465
TUN;TUNISIE;2009;0,190158
TUN;TUNISIE;2012;0,2017295
TUN;TUNISIE;2015;0,211908
TUN;TUNISIE;2018;0,222511
TUN;TUNISIE;2020;0,22114
TUN;TUNISIE;2023;0,255146
TUR;TURQUIE (Ankara);2009;0,341229
TUR;TURQUIE (Ankara);2012;0,246117
TUR;TURQUIE (Ankara);2015;0,264474
TUR;TURQUIE (Ankara);2018;0,292812
TUR;TURQUIE (Ankara);2020;0,3441155
TUR;TURQUIE (Ankara);2023;0,3505095
TWN;TAØWAN;2009;0,261404
TWN;TAØWAN;2012;0,2719465
TWN;TAØWAN;2015;0,2807895
TWN;TAØWAN;2018;0,3139295
TWN;TAØWAN;2020;0,296638
TWN;TAØWAN;2023;0,3266925
TZA;TANZANIE;2009;0,272075
TZA;TANZANIE;2012;0,221756
TZA;TANZANIE;2015;0,304227
TZA;TANZANIE;2018;0,4051585
TZA;TANZANIE;2020;0,437212
TZA;TANZANIE;2023;0,4619315
UGA;OUGANDA;2009;0,3143665
UGA;OUGANDA;2012;0,2248765
UGA;OUGANDA;2015;0,3114565
UGA;OUGANDA;2018;0,410042
UGA;OUGANDA;2020;0,434512
UGA;OUGANDA;2023;0,429592
UKR;UKRAINE;2009;0,402125
UKR;UKRAINE;2012;0,3296495
UKR;UKRAINE;2015;0,3686355
UKR;UKRAINE;2018;0,4704785
UKR;UKRAINE;2020;0,4960065
UKR;UKRAINE;2023;0,7100155
URY;URUGUAY;2009;0,2568165
URY;URUGUAY;2012;0,2610845
URY;URUGUAY;2015;0,255182
URY;URUGUAY;2018;0,34274
URY;URUGUAY;2020;0,2956545
URY;URUGUAY;2023;0,314267
USA;ETATS-UNIS (Washington, Norfolk);2009;0,217825
USA;ETATS-UNIS (Washington, Norfolk);2012;0,2184645
USA;ETATS-UNIS (Washington, Norfolk);2015;0,241509
USA;ETATS-UNIS (Washington, Norfolk);2018;0,2836395
USA;ETATS-UNIS (Washington, Norfolk);2020;0,3086695
USA;ETATS-UNIS (Washington, Norfolk);2023;0,388578
UZB;OUZBEKISTAN;2009;0,29275
UZB;OUZBEKISTAN;2012;0,33777
UZB;OUZBEKISTAN;2015;0,3603685
UZB;OUZBEKISTAN;2018;0,4680485
UZB;OUZBEKISTAN;2020;0,3866005
UZB;OUZBEKISTAN;2023;0,432161
VCT;SAINT-VINCENT-ET-LES GRENADINES;2009;0,201458
VCT;SAINT-VINCENT-ET-LES GRENADINES;2012;0,2182995
VCT;SAINT-VINCENT-ET-LES GRENADINES;2015;0,2752735
VCT;SAINT-VINCENT-ET-LES GRENADINES;2018;0,3108655
VCT;SAINT-VINCENT-ET-LES GRENADINES;2020;0,31009
VCT;SAINT-VINCENT-ET-LES GRENADINES;2023;0,321626
VEN;VENEZUELA;2009;0,386054
VEN;VENEZUELA;2012;0,376605
VEN;VENEZUELA;2015;0,58802
VEN;VENEZUELA;2018;0,569791
VEN;VENEZUELA;2020;0,541301
VEN;VENEZUELA;2023;0,551693
VNM;VIETNAM;2009;0,2697415
VNM;VIETNAM;2012;0,256249
VNM;VIETNAM;2015;0,322288
VNM;VIETNAM;2018;0,3473655
VNM;VIETNAM;2020;0,3383835
VNM;VIETNAM;2023;0,3509865
VUT;VANUATU;2009;0,2531165
VUT;VANUATU;2012;0,2970605
VUT;VANUATU;2015;0,307173
VUT;VANUATU;2018;0,336753
VUT;VANUATU;2020;0,317584
VUT;VANUATU;2023;0,3455025
XKX;KOSOVO;2009;0,3898875
XKX;KOSOVO;2012;0,290857
XKX;KOSOVO;2015;0,307683
XKX;KOSOVO;2018;0,312648
XKX;KOSOVO;2020;0,3189925
XKX;KOSOVO;2023;0,318682
YEM;YEMEN;2009;0,307379
YEM;YEMEN;2012;0,371067
YEM;YEMEN;2015;0,5569095
YEM;YEMEN;2018;0,6671115
YEM;YEMEN;2020;0,6804535
YEM;YEMEN;2023;0,73591
ZAF;AFRIQUE DU SUD (Johannesburg, Pretoria);2009;0,2983165
ZAF;AFRIQUE DU SUD (Johannesburg, Pretoria);2012;0,3318225
ZAF;AFRIQUE DU SUD (Johannesburg, Pretoria);2015;0,2690425
ZAF;AFRIQUE DU SUD (Johannesburg, Pretoria);2018;0,2941605
ZAF;AFRIQUE DU SUD (Johannesburg, Pretoria);2020;0,328066
ZAF;AFRIQUE DU SUD (Johannesburg, Pretoria);2023;0,341872
ZMB;ZAMBIE;2009;0,276108
ZMB;ZAMBIE;2012;0,240564
ZMB;ZAMBIE;2015;0,230812
ZMB;ZAMBIE;2018;0,3857685
ZMB;ZAMBIE;2020;0,345691
ZMB;ZAMBIE;2023;0,3563705
ZWE;ZIMBABWE;2009;0,3363955
ZWE;ZIMBABWE;2012;0,3300675
ZWE;ZIMBABWE;2015;0,352949
ZWE;ZIMBABWE;2018;0,363573
ZWE;ZIMBABWE;2020;0,407164
ZWE;ZIMBABWE;2023;0,517395
